month,n,mean_actual,mean_prediction,mean_residual,MSE,RMSE,MAE,R2
1,1550,5160.438064516129,7028.824899601136,-1868.386835085007,7936736.648313316,2817.221441121254,1903.3089123565715,0.5729485515583826
2,1450,6712.525517241379,7412.78837013899,-700.262852897611,3640499.2375143203,1908.00923412711,1233.9510140792315,0.8875125733676905
3,1550,8287.689677419356,10471.442316206761,-2183.752638787407,10535035.918905273,3245.7720066118745,2207.3005768836074,0.7940412045419367
4,1500,10569.533333333333,12696.734765199926,-2127.201431866594,13628631.965762345,3691.697707798181,2489.0084176713744,0.8437370208280714
5,1550,11177.067741935483,14538.242449511203,-3361.174707575718,26533871.506086085,5151.103911404436,3416.51569841248,0.7234579955803722
6,1500,10953.524666666666,12300.382097452686,-1346.8574307860176,5834278.913139722,2415.4252033833964,1615.3911656023758,0.9372319469409633
7,1550,6045.274193548387,8788.264990559901,-2742.9907970115128,14593216.38460124,3820.106855128694,2745.492783317722,0.48183650829049096
8,1550,8101.540645161291,9484.472285123391,-1382.9316399620996,6264673.173437336,2502.9329142902207,1579.7354655037168,0.8760622337706556
9,1500,10940.928,14373.843100662525,-3432.915100662524,23822596.31474824,4880.839714101277,3456.5185413367935,0.7374588731920629
10,1550,12239.887741935483,14484.062366219225,-2244.1746242837417,15677762.0377803,3959.5153791569364,2563.027266373613,0.8672210778250163
11,1500,9430.422666666667,11864.09517641857,-2433.6725097519043,13653639.194471793,3695.0831106311794,2487.918193005949,0.792044596456969
12,1550,7288.241935483871,9136.804941465616,-1848.5630059817452,9214369.419158189,3035.517982018586,1968.6046977327746,0.7594559779854315
