poi_id,n,mean_actual,mean_prediction,mean_residual,MSE,RMSE,MAE,R2
POI046,366,24381.754098360656,32235.51929088612,-7853.765192525469,102960795.93517156,10146.959935624638,8167.174138657818,-1.3341041478604536
POI021,366,30356.751366120217,36150.612937736,-5793.861571615773,58437470.3436776,7644.44048597918,6269.18967398071,0.5678184306549418
POI006,366,20003.713114754097,25545.42823714144,-5541.715122387345,54933802.203296974,7411.734088814639,5898.395879129691,-0.9392285602461254
POI022,366,26339.035519125682,31532.003596883806,-5192.968077758129,45688175.03757816,6759.302851446897,5701.89654781726,0.5638107269436518
POI047,366,16693.80601092896,21611.326674193122,-4917.52066326416,40980865.930811584,6401.629943288786,5162.217387187494,-0.9660054588341309
POI023,366,21171.319672131147,25953.886537216094,-4782.566865084953,34575924.08983411,5880.129598047488,4993.382834474915,0.5185481857366931
POI001,366,22557.98087431694,26840.388677881154,-4282.407803564217,35369298.59296358,5947.209311346253,4922.60868473445,0.5651462480234077
POI034,366,18719.03005464481,22793.69706365139,-4074.6670090065795,28406547.166493118,5329.779279341042,4489.178553346056,0.5364219898151332
POI010,366,14491.808743169398,18415.647821212904,-3923.8390780435034,28022200.871888697,5293.599991677564,4247.158558808514,-0.7380389409643564
POI032,366,14932.879781420765,18299.269454834404,-3366.389673413635,19273494.47740493,4390.158821432879,3752.5943941706255,0.5148806890439979
POI029,366,12267.540983606557,15669.613987775738,-3402.073004169181,20410424.611873936,4517.789792794031,3672.691102952555,-0.8226459887390163
POI038,366,14783.967213114754,18106.973450049507,-3323.0062369347525,16956168.36158492,4117.786828089201,3504.219968201632,0.524676960648939
POI035,366,14272.65300546448,17349.985331119668,-3077.3323256551844,16404345.447657904,4050.227826636164,3419.5143036387035,0.5541367142283349
POI033,366,10658.789617486338,13338.68922331769,-2679.899605831348,10981725.803264018,3313.8687064010273,2905.196510349695,0.5044699789450275
POI036,366,9980.765027322404,12418.98083105753,-2438.2158037351282,9953146.148355432,3154.8607177426125,2711.9395743220894,0.5168401120010204
POI045,366,9078.647540983606,11520.706571887555,-2442.0590309039485,11121801.628214868,3334.936525365193,2634.6655183328385,-0.6897160808890401
POI020,366,9017.58743169399,11434.094323737509,-2416.5068920435187,10736392.21786639,3276.643437706701,2597.9599066885385,-0.8378523987380424
POI002,366,11866.166666666666,14116.045280717653,-2249.8786140509887,9528522.95822734,3086.8305684354204,2583.018434316205,0.5977589891158753
POI024,366,11959.532786885246,14153.882400557572,-2194.3496136723234,8684689.003993524,2946.979640919415,2414.558894275089,0.6036283434950247
POI030,366,7468.642076502732,9716.363371489115,-2247.721294986382,8107180.309396607,2847.311066497057,2337.242545421868,-0.9419316150688808
POI027,366,9255.319672131147,11390.112674620597,-2134.79300248945,6674214.239409143,2583.4500652052757,2235.4426197002704,0.5287399895765854
POI011,366,5983.784153005465,7777.368574544235,-1793.5844215387708,5504515.217147768,2346.1703299521473,1903.4172867216857,-0.9389111200837845
POI025,366,8035.013661202186,9654.341752452583,-1619.3280912503985,4409848.893433164,2099.964021937796,1722.3770995449843,0.5193001808242497
POI040,366,7974.03825136612,9482.343722357255,-1508.305470991134,3983952.6033500764,1995.9841190124926,1648.8436571214145,0.5957228333455822
POI026,366,6394.5327868852455,7875.8133488078565,-1481.28056192261,3370558.7176596727,1835.908145213064,1531.623005870795,0.47041003260293124
POI018,366,4973.363387978142,6340.742441969375,-1367.3790539912327,3339771.4685873697,1827.5041637674508,1448.0134404470884,-0.9503259084746378
POI007,366,4353.196721311476,5654.199869261644,-1301.0031479501688,2796046.8862994676,1672.138417206981,1347.9861532101356,-0.6539041835663364
POI003,366,6018.273224043716,7170.598179406363,-1152.3249553626467,2459074.757809722,1568.143729958999,1325.8473509716434,0.5950781443228551
POI048,366,4391.166666666667,5656.483276150589,-1265.3166094839205,2634579.6668365765,1623.1388316581476,1313.8508628890904,-0.6245096483824915
POI019,366,3980.398907103825,5197.38198894284,-1216.983081839015,2518652.2738686064,1587.0262360366341,1286.4577878265936,-0.9943107859969544
POI008,366,4192.0327868852455,5339.554605085648,-1147.5218182004019,2326981.8925867323,1525.4448179422068,1242.6517652244331,-0.7696342228451707
POI009,366,3768.4890710382515,4820.56062652655,-1052.0715554882986,1974322.1405707335,1405.1057399963654,1113.5547083276,-0.9315588449778676
POI050,366,5227.237704918033,6213.048788719098,-985.8110838010655,1676658.38463945,1294.8584419307965,1069.0046575130707,0.598365942101367
POI012,366,3351.344262295082,4357.735803513174,-1006.3915412180916,1668911.839899886,1291.8637079428643,1060.4764407088292,-0.8161692081416307
POI037,366,3700.584699453552,4675.588680344321,-975.0039808907687,1416183.5289824458,1190.0350956935874,1049.222181145281,0.48760530514556455
POI031,366,3115.243169398907,4076.280441201866,-961.0372718029587,1516124.1532976208,1231.3099338905786,1011.4616409732034,-0.9673613346427119
POI028,366,4018.062841530055,4924.406355356693,-906.3435138266386,1289144.43683618,1135.4049660082433,967.2924872930629,0.5355903734542315
POI041,366,3939.8551912568305,4815.99338273811,-876.13819148128,1217270.652061106,1103.2998921694436,944.825869681515,0.5545384199660988
POI039,366,3874.5491803278687,4747.092905163064,-872.5437248351944,1210347.420358488,1100.1579070108473,939.3577147717874,0.5372440828733116
POI013,366,3311.382513661202,4168.014533090011,-856.6320194288089,1351590.7330126525,1162.579344824538,931.2769256116952,-0.6297729753388195
POI042,366,2726.745901639344,3555.7335456225574,-828.9876439832134,1139416.081682297,1067.4343453731929,875.2332676248215,-0.8707855454457767
POI004,366,3588.3551912568305,4374.1047479745375,-785.7495567177065,1039945.4062052021,1019.7771355571775,871.1621445038434,0.5592959697212391
POI049,366,3183.8306010928964,3927.485859681494,-743.6552585885981,840075.4112791371,916.5562782934484,780.818400951684,0.4786181392478075
POI043,366,2256.3032786885246,2924.968983489299,-668.6657048007742,749611.2024732697,865.8009023287453,706.946553651599,-0.7024964073311677
POI015,366,2464.7049180327867,3121.538645200923,-656.8337271681366,761270.9144404691,872.5084036503425,702.6907542926657,-0.7373623968113989
POI005,366,2761.622950819672,3406.5109956868405,-644.888044867168,626106.682983342,791.2690332518656,667.8550238651087,0.47983963190663315
POI017,366,2014.9754098360656,2635.7175393873003,-620.7421295512347,634866.6655220935,796.7852066410957,655.3506421795693,-1.0013206962303585
POI044,366,1944.808743169399,2513.1748700236635,-568.3661268542646,544318.322864878,737.7793185396823,609.1260669077567,-0.8708087564405445
POI014,366,1945.9043715846994,2514.9881917583634,-569.0838201736643,544470.6326886134,737.8825331234053,605.2053100555062,-0.7793394710281207
POI016,366,1443.7431693989072,1932.821825520626,-489.078656121719,375859.828783219,613.0740809912119,505.9144355611097,-1.119795573930328
