date,month,poi_id,poi_name,actual,predicted,residual,absolute_residual
2024-05-05,5,POI046,코엑스몰,36884,82613.94111161023,-45729.94111161023,45729.94111161023
2024-05-05,5,POI021,명동거리,59853,92647.4446720393,-32794.4446720393,32794.4446720393
2024-05-05,5,POI006,롯데월드,37942,65468.74396891852,-27526.74396891852,27526.74396891852
2024-10-05,10,POI046,코엑스몰,33676,60582.4186788802,-26906.418678880204,26906.418678880204
2024-05-05,5,POI047,IFC몰,28704,55386.527399031074,-26682.527399031074,26682.527399031074
2024-09-08,9,POI046,코엑스몰,31177,57493.73800253464,-26316.738002534643,26316.738002534643
2024-04-07,4,POI046,코엑스몰,30751,57015.757547151,-26264.757547151,26264.757547151
2024-05-04,5,POI046,코엑스몰,27063,52881.654914389816,-25818.654914389816,25818.654914389816
2024-03-23,3,POI021,명동거리,17801,43000.10681440645,-25199.10681440645,25199.10681440645
2024-11-23,11,POI046,코엑스몰,27381,51906.76907498665,-24525.769074986652,24525.769074986652
